motif_id	motif_alt_id	sequence_name	start	stop	strand	score	p-value	q-value	matched_sequence
2-GYAAAYA	STREME-2	chr7	342056	342062	-	12.3	5.95e-05	0.532	GTAAACA
2-GYAAAYA	STREME-2	chr17	794875	794881	+	12.3	5.95e-05	0.532	GTAAACA
2-GYAAAYA	STREME-2	chr6	1762641	1762647	-	12.3	5.95e-05	0.532	GTAAACA
2-GYAAAYA	STREME-2	chr19	2588406	2588412	+	12.3	5.95e-05	0.532	GTAAACA
2-GYAAAYA	STREME-2	chr18	3037597	3037603	-	12.3	5.95e-05	0.532	GTAAACA
2-GYAAAYA	STREME-2	chr9	3760193	3760199	+	12.3	5.95e-05	0.532	GTAAACA
2-GYAAAYA	STREME-2	chr19	6273975	6273981	+	12.3	5.95e-05	0.532	GTAAACA
2-GYAAAYA	STREME-2	chr1	7669701	7669707	-	12.3	5.95e-05	0.532	GTAAACA
2-GYAAAYA	STREME-2	chr6	7975949	7975955	+	12.3	5.95e-05	0.532	GTAAACA
2-GYAAAYA	STREME-2	chr7	8254788	8254794	-	12.3	5.95e-05	0.532	GTAAACA
2-GYAAAYA	STREME-2	chr17	8420612	8420618	+	12.3	5.95e-05	0.532	GTAAACA
2-GYAAAYA	STREME-2	chr5	9361880	9361886	-	12.3	5.95e-05	0.532	GTAAACA
2-GYAAAYA	STREME-2	chr1	9843616	9843622	+	12.3	5.95e-05	0.532	GTAAACA
2-GYAAAYA	STREME-2	chr5	10601543	10601549	-	12.3	5.95e-05	0.532	GTAAACA
2-GYAAAYA	STREME-2	chr11	10735793	10735799	+	12.3	5.95e-05	0.532	GTAAACA
2-GYAAAYA	STREME-2	chr8	11393529	11393535	-	12.3	5.95e-05	0.532	GTAAACA
2-GYAAAYA	STREME-2	chr12	11707133	11707139	+	12.3	5.95e-05	0.532	GTAAACA
2-GYAAAYA	STREME-2	chr9	14203421	14203427	-	12.3	5.95e-05	0.532	GTAAACA
2-GYAAAYA	STREME-2	chr3	14419087	14419093	+	12.3	5.95e-05	0.532	GTAAACA
2-GYAAAYA	STREME-2	chr21	15121442	15121448	+	12.3	5.95e-05	0.532	GTAAACA
2-GYAAAYA	STREME-2	chr19	16383644	16383650	+	12.3	5.95e-05	0.532	GTAAACA
2-GYAAAYA	STREME-2	chr21	17415410	17415416	-	12.3	5.95e-05	0.532	GTAAACA
2-GYAAAYA	STREME-2	chr8	17614442	17614448	+	12.3	5.95e-05	0.532	GTAAACA
2-GYAAAYA	STREME-2	chr17	17919376	17919382	+	12.3	5.95e-05	0.532	GTAAACA
2-GYAAAYA	STREME-2	chr22	17944220	17944226	-	12.3	5.95e-05	0.532	GTAAACA
2-GYAAAYA	STREME-2	chr22	19731173	19731179	+	12.3	5.95e-05	0.532	GTAAACA
2-GYAAAYA	STREME-2	chr1	21338863	21338869	-	12.3	5.95e-05	0.532	GTAAACA
2-GYAAAYA	STREME-2	chr9	21813283	21813289	+	12.3	5.95e-05	0.532	GTAAACA
2-GYAAAYA	STREME-2	chr10	22086926	22086932	-	12.3	5.95e-05	0.532	GTAAACA
2-GYAAAYA	STREME-2	chr6	22141488	22141494	-	12.3	5.95e-05	0.532	GTAAACA
2-GYAAAYA	STREME-2	chr20	22512529	22512535	+	12.3	5.95e-05	0.532	GTAAACA
2-GYAAAYA	STREME-2	chr10	23186800	23186806	-	12.3	5.95e-05	0.532	GTAAACA
2-GYAAAYA	STREME-2	chr12	26029468	26029474	-	12.3	5.95e-05	0.532	GTAAACA
2-GYAAAYA	STREME-2	chr6	26532792	26532798	+	12.3	5.95e-05	0.532	GTAAACA
2-GYAAAYA	STREME-2	chr6	26532948	26532954	-	12.3	5.95e-05	0.532	GTAAACA
2-GYAAAYA	STREME-2	chr6	26568775	26568781	+	12.3	5.95e-05	0.532	GTAAACA
2-GYAAAYA	STREME-2	chr12	26769365	26769371	+	12.3	5.95e-05	0.532	GTAAACA
2-GYAAAYA	STREME-2	chr17	28347022	28347028	-	12.3	5.95e-05	0.532	GTAAACA
2-GYAAAYA	STREME-2	chr10	28939918	28939924	-	12.3	5.95e-05	0.532	GTAAACA
2-GYAAAYA	STREME-2	chr22	29245948	29245954	-	12.3	5.95e-05	0.532	GTAAACA
2-GYAAAYA	STREME-2	chr2	30274967	30274973	-	12.3	5.95e-05	0.532	GTAAACA
2-GYAAAYA	STREME-2	chr17	30344577	30344583	+	12.3	5.95e-05	0.532	gtaaaca
2-GYAAAYA	STREME-2	chr11	30488712	30488718	+	12.3	5.95e-05	0.532	GTAAACA
2-GYAAAYA	STREME-2	chr14	31090772	31090778	+	12.3	5.95e-05	0.532	GTAAACA
2-GYAAAYA	STREME-2	chr17	32909986	32909992	+	12.3	5.95e-05	0.532	GTAAACA
2-GYAAAYA	STREME-2	chr10	33193367	33193373	+	12.3	5.95e-05	0.532	GTAAACA
2-GYAAAYA	STREME-2	chr1	33342444	33342450	+	12.3	5.95e-05	0.532	GTAAACA
2-GYAAAYA	STREME-2	chr18	33803055	33803061	-	12.3	5.95e-05	0.532	GTAAACA
2-GYAAAYA	STREME-2	chr14	33938373	33938379	+	12.3	5.95e-05	0.532	GTAAACA
2-GYAAAYA	STREME-2	chr14	34082099	34082105	-	12.3	5.95e-05	0.532	GTAAACA
2-GYAAAYA	STREME-2	chr18	34650433	34650439	+	12.3	5.95e-05	0.532	GTAAACA
2-GYAAAYA	STREME-2	chr6	35024931	35024937	+	12.3	5.95e-05	0.532	GTAAACA
2-GYAAAYA	STREME-2	chr17	35051964	35051970	+	12.3	5.95e-05	0.532	GTAAACA
2-GYAAAYA	STREME-2	chr18	35231258	35231264	+	12.3	5.95e-05	0.532	GTAAACA
2-GYAAAYA	STREME-2	chr19	35458900	35458906	+	12.3	5.95e-05	0.532	gtaaaca
2-GYAAAYA	STREME-2	chr19	35459009	35459015	+	12.3	5.95e-05	0.532	GTAAACA
2-GYAAAYA	STREME-2	chr21	35720937	35720943	+	12.3	5.95e-05	0.532	GTAAACA
2-GYAAAYA	STREME-2	chr21	35840364	35840370	-	12.3	5.95e-05	0.532	GTAAACA
2-GYAAAYA	STREME-2	chr1	36207502	36207508	+	12.3	5.95e-05	0.532	gtaaaca
2-GYAAAYA	STREME-2	chr1	36207614	36207620	+	12.3	5.95e-05	0.532	GTAAACA
2-GYAAAYA	STREME-2	chr14	37466821	37466827	-	12.3	5.95e-05	0.532	GTAAACA
2-GYAAAYA	STREME-2	chr4	38179961	38179967	+	12.3	5.95e-05	0.532	GTAAACA
2-GYAAAYA	STREME-2	chr19	38658796	38658802	+	12.3	5.95e-05	0.532	GTAAACA
2-GYAAAYA	STREME-2	chr2	38784694	38784700	+	12.3	5.95e-05	0.532	GTAAACA
2-GYAAAYA	STREME-2	chr21	38832083	38832089	+	12.3	5.95e-05	0.532	GTAAACA
2-GYAAAYA	STREME-2	chr1	39116997	39117003	-	12.3	5.95e-05	0.532	GTAAACA
2-GYAAAYA	STREME-2	chr3	39937467	39937473	-	12.3	5.95e-05	0.532	GTAAACA
2-GYAAAYA	STREME-2	chr2	40251312	40251318	+	12.3	5.95e-05	0.532	GTAAACA
2-GYAAAYA	STREME-2	chr15	40906397	40906403	+	12.3	5.95e-05	0.532	GTAAACA
2-GYAAAYA	STREME-2	chr6	41456816	41456822	+	12.3	5.95e-05	0.532	GTAAACA
2-GYAAAYA	STREME-2	chr6	41456912	41456918	+	12.3	5.95e-05	0.532	GTAAACA
2-GYAAAYA	STREME-2	chr3	42080660	42080666	-	12.3	5.95e-05	0.532	GTAAACA
2-GYAAAYA	STREME-2	chr2	42926647	42926653	+	12.3	5.95e-05	0.532	GTAAACA
2-GYAAAYA	STREME-2	chr2	42926809	42926815	-	12.3	5.95e-05	0.532	GTAAACA
2-GYAAAYA	STREME-2	chr15	43285819	43285825	+	12.3	5.95e-05	0.532	GTAAACA
2-GYAAAYA	STREME-2	chr6	43804700	43804706	-	12.3	5.95e-05	0.532	GTAAACA
2-GYAAAYA	STREME-2	chr6	43804820	43804826	-	12.3	5.95e-05	0.532	GTAAACA
2-GYAAAYA	STREME-2	chr12	45234969	45234975	-	12.3	5.95e-05	0.532	GTAAACA
2-GYAAAYA	STREME-2	chr16	46854086	46854092	+	12.3	5.95e-05	0.532	GTAAACA
2-GYAAAYA	STREME-2	chr17	47230077	47230083	-	12.3	5.95e-05	0.532	GTAAACA
2-GYAAAYA	STREME-2	chr7	47475512	47475518	+	12.3	5.95e-05	0.532	GTAAACA
2-GYAAAYA	STREME-2	chr19	47600431	47600437	+	12.3	5.95e-05	0.532	GTAAACA
2-GYAAAYA	STREME-2	chr8	47627745	47627751	+	12.3	5.95e-05	0.532	GTAAACA
2-GYAAAYA	STREME-2	chr8	47628006	47628012	-	12.3	5.95e-05	0.532	GTAAACA
2-GYAAAYA	STREME-2	chr16	48165658	48165664	-	12.3	5.95e-05	0.532	GTAAACA
2-GYAAAYA	STREME-2	chr16	48165666	48165672	-	12.3	5.95e-05	0.532	GTAAACA
2-GYAAAYA	STREME-2	chr16	48165681	48165687	-	12.3	5.95e-05	0.532	GTAAACA
2-GYAAAYA	STREME-2	chr13	49560441	49560447	-	12.3	5.95e-05	0.532	GTAAACA
2-GYAAAYA	STREME-2	chr15	50003848	50003854	+	12.3	5.95e-05	0.532	GTAAACA
2-GYAAAYA	STREME-2	chr14	50045182	50045188	-	12.3	5.95e-05	0.532	GTAAACA
2-GYAAAYA	STREME-2	chr20	50292659	50292665	-	12.3	5.95e-05	0.532	GTAAACA
2-GYAAAYA	STREME-2	chr5	52997723	52997729	-	12.3	5.95e-05	0.532	GTAAACA
2-GYAAAYA	STREME-2	chr20	53547804	53547810	-	12.3	5.95e-05	0.532	GTAAACA
2-GYAAAYA	STREME-2	chr12	53659210	53659216	-	12.3	5.95e-05	0.532	GTAAACA
2-GYAAAYA	STREME-2	chr20	53915524	53915530	-	12.3	5.95e-05	0.532	GTAAACA
2-GYAAAYA	STREME-2	chr18	54767290	54767296	-	12.3	5.95e-05	0.532	GTAAACA
2-GYAAAYA	STREME-2	chr7	55077598	55077604	-	12.3	5.95e-05	0.532	GTAAACA
2-GYAAAYA	STREME-2	chr8	55844845	55844851	+	12.3	5.95e-05	0.532	GTAAACA
2-GYAAAYA	STREME-2	chr2	56040318	56040324	+	12.3	5.95e-05	0.532	gtaaaca
2-GYAAAYA	STREME-2	chr16	56689529	56689535	-	12.3	5.95e-05	0.532	GTAAACA
2-GYAAAYA	STREME-2	chr15	56832455	56832461	+	12.3	5.95e-05	0.532	GTAAACA
2-GYAAAYA	STREME-2	chr11	57278378	57278384	+	12.3	5.95e-05	0.532	GTAAACA
2-GYAAAYA	STREME-2	chr3	58187997	58188003	+	12.3	5.95e-05	0.532	gtaaaca
2-GYAAAYA	STREME-2	chr17	58391622	58391628	-	12.3	5.95e-05	0.532	GTAAACA
2-GYAAAYA	STREME-2	chr8	59030540	59030546	+	12.3	5.95e-05	0.532	GTAAACA
2-GYAAAYA	STREME-2	chr8	59030757	59030763	-	12.3	5.95e-05	0.532	GTAAACA
2-GYAAAYA	STREME-2	chr17	59367154	59367160	+	12.3	5.95e-05	0.532	gtaaaca
2-GYAAAYA	STREME-2	chr5	59380608	59380614	-	12.3	5.95e-05	0.532	GTAAACA
2-GYAAAYA	STREME-2	chr8	60653664	60653670	-	12.3	5.95e-05	0.532	GTAAACA
2-GYAAAYA	STREME-2	chr8	61023348	61023354	-	12.3	5.95e-05	0.532	GTAAACA
2-GYAAAYA	STREME-2	chr15	62570323	62570329	+	12.3	5.95e-05	0.532	GTAAACA
2-GYAAAYA	STREME-2	chr17	62780412	62780418	-	12.3	5.95e-05	0.532	GTAAACA
2-GYAAAYA	STREME-2	chr1	64981766	64981772	-	12.3	5.95e-05	0.532	GTAAACA
2-GYAAAYA	STREME-2	chr1	65066808	65066814	+	12.3	5.95e-05	0.532	GTAAACA
2-GYAAAYA	STREME-2	chr2	65187726	65187732	+	12.3	5.95e-05	0.532	GTAaaca
2-GYAAAYA	STREME-2	chr11	65498144	65498150	+	12.3	5.95e-05	0.532	GTAAACA
2-GYAAAYA	STREME-2	chrX	65601763	65601769	-	12.3	5.95e-05	0.532	GTAAACA
2-GYAAAYA	STREME-2	chr14	68164868	68164874	+	12.3	5.95e-05	0.532	GTAAACA
2-GYAAAYA	STREME-2	chr14	68165025	68165031	+	12.3	5.95e-05	0.532	GTAAACA
2-GYAAAYA	STREME-2	chr14	68248189	68248195	-	12.3	5.95e-05	0.532	GTAAACA
2-GYAAAYA	STREME-2	chr17	68318645	68318651	-	12.3	5.95e-05	0.532	GTAAACA
2-GYAAAYA	STREME-2	chr12	68365570	68365576	-	12.3	5.95e-05	0.532	GTAAACA
2-GYAAAYA	STREME-2	chr17	68386462	68386468	+	12.3	5.95e-05	0.532	GTAAACA
2-GYAAAYA	STREME-2	chr16	68590172	68590178	+	12.3	5.95e-05	0.532	GTAAACA
2-GYAAAYA	STREME-2	chr11	69122812	69122818	-	12.3	5.95e-05	0.532	GTAAACA
2-GYAAAYA	STREME-2	chr11	69274824	69274830	-	12.3	5.95e-05	0.532	GTAAACA
2-GYAAAYA	STREME-2	chr3	69306423	69306429	+	12.3	5.95e-05	0.532	GTAAACA
2-GYAAAYA	STREME-2	chr16	69821365	69821371	+	12.3	5.95e-05	0.532	GTAAACA
2-GYAAAYA	STREME-2	chr2	70143151	70143157	-	12.3	5.95e-05	0.532	GTAAACA
2-GYAAAYA	STREME-2	chr9	70420918	70420924	-	12.3	5.95e-05	0.532	GTAAACA
2-GYAAAYA	STREME-2	chr6	72553916	72553922	-	12.3	5.95e-05	0.532	GTAAACA
2-GYAAAYA	STREME-2	chr11	72625920	72625926	-	12.3	5.95e-05	0.532	GTAAACA
2-GYAAAYA	STREME-2	chr3	73508691	73508697	+	12.3	5.95e-05	0.532	GTAAACA
2-GYAAAYA	STREME-2	chr10	73940919	73940925	-	12.3	5.95e-05	0.532	GTAAACA
2-GYAAAYA	STREME-2	chr10	74683994	74684000	-	12.3	5.95e-05	0.532	GTAAACA
2-GYAAAYA	STREME-2	chr11	74740039	74740045	+	12.3	5.95e-05	0.532	GTAAACA
2-GYAAAYA	STREME-2	chr14	75470113	75470119	-	12.3	5.95e-05	0.532	GTAAACA
2-GYAAAYA	STREME-2	chr5	76386432	76386438	+	12.3	5.95e-05	0.532	GTAAACA
2-GYAAAYA	STREME-2	chr14	76387275	76387281	+	12.3	5.95e-05	0.532	GTAAACA
2-GYAAAYA	STREME-2	chr4	77105164	77105170	-	12.3	5.95e-05	0.532	GTAAACA
2-GYAAAYA	STREME-2	chr5	77144846	77144852	-	12.3	5.95e-05	0.532	GTAAACA
2-GYAAAYA	STREME-2	chr6	77650742	77650748	-	12.3	5.95e-05	0.532	GTAAACA
2-GYAAAYA	STREME-2	chr4	77698170	77698176	+	12.3	5.95e-05	0.532	GTAAACA
2-GYAAAYA	STREME-2	chr8	79890790	79890796	-	12.3	5.95e-05	0.532	GTAAACA
2-GYAAAYA	STREME-2	chr8	79891026	79891032	+	12.3	5.95e-05	0.532	GTAAACA
2-GYAAAYA	STREME-2	chr13	80386741	80386747	+	12.3	5.95e-05	0.532	GTAAACA
2-GYAAAYA	STREME-2	chr17	81427846	81427852	-	12.3	5.95e-05	0.532	GTAAACA
2-GYAAAYA	STREME-2	chr9	81587876	81587882	+	12.3	5.95e-05	0.532	GTAAACA
2-GYAAAYA	STREME-2	chr5	83265373	83265379	+	12.3	5.95e-05	0.532	GTAAACA
2-GYAAAYA	STREME-2	chr5	83265426	83265432	-	12.3	5.95e-05	0.532	GTAAACA
2-GYAAAYA	STREME-2	chr4	85147610	85147616	+	12.3	5.95e-05	0.532	GTAAACA
2-GYAAAYA	STREME-2	chr1	85226291	85226297	+	12.3	5.95e-05	0.532	GTAAACA
2-GYAAAYA	STREME-2	chr14	85471680	85471686	-	12.3	5.95e-05	0.532	GTAAACA
2-GYAAAYA	STREME-2	chr9	87372464	87372470	-	12.3	5.95e-05	0.532	GTAAACA
2-GYAAAYA	STREME-2	chr15	88247047	88247053	-	12.3	5.95e-05	0.532	GTAAACA
2-GYAAAYA	STREME-2	chr4	89002268	89002274	-	12.3	5.95e-05	0.532	GTAAACA
2-GYAAAYA	STREME-2	chr6	89940597	89940603	-	12.3	5.95e-05	0.532	GTAAACA
2-GYAAAYA	STREME-2	chr14	90513707	90513713	-	12.3	5.95e-05	0.532	GTAAACA
2-GYAAAYA	STREME-2	chr10	91590700	91590706	-	12.3	5.95e-05	0.532	GTAAACA
2-GYAAAYA	STREME-2	chr12	92035036	92035042	-	12.3	5.95e-05	0.532	GTAAACA
2-GYAAAYA	STREME-2	chr1	92442237	92442243	-	12.3	5.95e-05	0.532	GTAAACA
2-GYAAAYA	STREME-2	chr7	92695739	92695745	-	12.3	5.95e-05	0.532	GTAAACA
2-GYAAAYA	STREME-2	chr1	93629525	93629531	+	12.3	5.95e-05	0.532	GTAAACA
2-GYAAAYA	STREME-2	chr4	94596235	94596241	-	12.3	5.95e-05	0.532	GTAAACA
2-GYAAAYA	STREME-2	chr10	95513430	95513436	-	12.3	5.95e-05	0.532	GTAAACA
2-GYAAAYA	STREME-2	chr13	95537164	95537170	-	12.3	5.95e-05	0.532	GTAAACA
2-GYAAAYA	STREME-2	chr7	95549785	95549791	-	12.3	5.95e-05	0.532	GTAAACA
2-GYAAAYA	STREME-2	chr7	95610034	95610040	+	12.3	5.95e-05	0.532	GTAAACA
2-GYAAAYA	STREME-2	chr11	96012143	96012149	+	12.3	5.95e-05	0.532	GTAAACA
2-GYAAAYA	STREME-2	chr15	96171175	96171181	-	12.3	5.95e-05	0.532	GTAAACA
2-GYAAAYA	STREME-2	chr4	101256710	101256716	-	12.3	5.95e-05	0.532	GTAAACA
2-GYAAAYA	STREME-2	chr1	101288738	101288744	+	12.3	5.95e-05	0.532	GTAAACA
2-GYAAAYA	STREME-2	chr5	102771501	102771507	-	12.3	5.95e-05	0.532	GTAAACA
2-GYAAAYA	STREME-2	chr5	102771677	102771683	-	12.3	5.95e-05	0.532	GTAAACA
2-GYAAAYA	STREME-2	chr10	103599041	103599047	+	12.3	5.95e-05	0.532	GTAAACA
2-GYAAAYA	STREME-2	chr9	105438334	105438340	-	12.3	5.95e-05	0.532	GTAAACA
2-GYAAAYA	STREME-2	chr3	108132927	108132933	+	12.3	5.95e-05	0.532	GTAAACA
2-GYAAAYA	STREME-2	chr6	108589386	108589392	-	12.3	5.95e-05	0.532	GTAAACA
2-GYAAAYA	STREME-2	chr6	109060154	109060160	+	12.3	5.95e-05	0.532	GTAAACA
2-GYAAAYA	STREME-2	chr12	109598139	109598145	-	12.3	5.95e-05	0.532	GTAAACA
2-GYAAAYA	STREME-2	chr10	110857654	110857660	-	12.3	5.95e-05	0.532	GTAAACA
2-GYAAAYA	STREME-2	chr12	111074752	111074758	+	12.3	5.95e-05	0.532	GTAAACA
2-GYAAAYA	STREME-2	chr4	112099894	112099900	+	12.3	5.95e-05	0.532	GTAAACA
2-GYAAAYA	STREME-2	chr5	112175231	112175237	-	12.3	5.95e-05	0.532	GTAAACA
2-GYAAAYA	STREME-2	chr7	112415404	112415410	+	12.3	5.95e-05	0.532	GTAAACA
2-GYAAAYA	STREME-2	chr12	113071916	113071922	+	12.3	5.95e-05	0.532	GTAAACA
2-GYAAAYA	STREME-2	chr10	113087565	113087571	-	12.3	5.95e-05	0.532	GTAAACA
2-GYAAAYA	STREME-2	chr4	113547846	113547852	+	12.3	5.95e-05	0.532	GTAAACA
2-GYAAAYA	STREME-2	chr7	116355283	116355289	+	12.3	5.95e-05	0.532	GTAAACA
2-GYAAAYA	STREME-2	chr5	116410079	116410085	-	12.3	5.95e-05	0.532	GTAAACA
2-GYAAAYA	STREME-2	chr12	116637069	116637075	+	12.3	5.95e-05	0.532	GTAAACA
2-GYAAAYA	STREME-2	chr12	116637135	116637141	-	12.3	5.95e-05	0.532	GTAAACA
2-GYAAAYA	STREME-2	chr7	116985204	116985210	-	12.3	5.95e-05	0.532	GTAAACA
2-GYAAAYA	STREME-2	chr1	117591507	117591513	+	12.3	5.95e-05	0.532	GTAAACA
2-GYAAAYA	STREME-2	chr8	118029657	118029663	+	12.3	5.95e-05	0.532	GTAAACA
2-GYAAAYA	STREME-2	chr11	118892641	118892647	+	12.3	5.95e-05	0.532	GTAAACA
2-GYAAAYA	STREME-2	chr8	119919766	119919772	-	12.3	5.95e-05	0.532	GTAAACA
2-GYAAAYA	STREME-2	chr2	120174883	120174889	-	12.3	5.95e-05	0.532	GTAAACA
2-GYAAAYA	STREME-2	chr10	121407380	121407386	-	12.3	5.95e-05	0.532	GTAAACA
2-GYAAAYA	STREME-2	chr12	121811992	121811998	-	12.3	5.95e-05	0.532	GTAAACA
2-GYAAAYA	STREME-2	chr8	123720131	123720137	+	12.3	5.95e-05	0.532	GTAAACA
2-GYAAAYA	STREME-2	chr12	124906846	124906852	+	12.3	5.95e-05	0.532	GTAAACA
2-GYAAAYA	STREME-2	chr11	126116067	126116073	+	12.3	5.95e-05	0.532	GTAAACA
2-GYAAAYA	STREME-2	chr8	127854164	127854170	-	12.3	5.95e-05	0.532	GTAAACA
2-GYAAAYA	STREME-2	chr3	128617299	128617305	-	12.3	5.95e-05	0.532	GTAAACA
2-GYAAAYA	STREME-2	chr9	131418645	131418651	+	12.3	5.95e-05	0.532	GTAAACA
2-GYAAAYA	STREME-2	chr10	131997702	131997708	+	12.3	5.95e-05	0.532	GTAAACA
2-GYAAAYA	STREME-2	chr6	132271253	132271259	+	12.3	5.95e-05	0.532	GTAAACA
2-GYAAAYA	STREME-2	chr2	133421301	133421307	-	12.3	5.95e-05	0.532	GTAAACA
2-GYAAAYA	STREME-2	chr7	134606625	134606631	+	12.3	5.95e-05	0.532	GTAAACA
2-GYAAAYA	STREME-2	chr6	136610503	136610509	+	12.3	5.95e-05	0.532	GTAAACA
2-GYAAAYA	STREME-2	chr4	138398276	138398282	+	12.3	5.95e-05	0.532	GTAAACA
2-GYAAAYA	STREME-2	chr3	141412538	141412544	-	12.3	5.95e-05	0.532	GTAAACA
2-GYAAAYA	STREME-2	chr5	142655928	142655934	-	12.3	5.95e-05	0.532	GTAAACA
2-GYAAAYA	STREME-2	chr5	143355949	143355955	-	12.3	5.95e-05	0.532	GTAAACA
2-GYAAAYA	STREME-2	chr6	149060255	149060261	-	12.3	5.95e-05	0.532	GTAAACA
2-GYAAAYA	STREME-2	chr1	150568268	150568274	+	12.3	5.95e-05	0.532	GTAAACA
2-GYAAAYA	STREME-2	chr7	151759852	151759858	+	12.3	5.95e-05	0.532	GTAAACA
2-GYAAAYA	STREME-2	chr4	155778584	155778590	-	12.3	5.95e-05	0.532	GTAAACA
2-GYAAAYA	STREME-2	chr1	156446149	156446155	+	12.3	5.95e-05	0.532	gtaaaca
2-GYAAAYA	STREME-2	chr6	157187632	157187638	-	12.3	5.95e-05	0.532	GTAAACA
2-GYAAAYA	STREME-2	chr6	157874103	157874109	-	12.3	5.95e-05	0.532	GTAAACA
2-GYAAAYA	STREME-2	chr2	158539502	158539508	+	12.3	5.95e-05	0.532	GTAAACA
2-GYAAAYA	STREME-2	chr4	158777545	158777551	+	12.3	5.95e-05	0.532	GTAAACA
2-GYAAAYA	STREME-2	chr2	160994153	160994159	-	12.3	5.95e-05	0.532	GTAAACA
2-GYAAAYA	STREME-2	chr2	161251166	161251172	-	12.3	5.95e-05	0.532	GTAAACA
2-GYAAAYA	STREME-2	chr1	162732815	162732821	+	12.3	5.95e-05	0.532	GTAAACA
2-GYAAAYA	STREME-2	chr4	165465035	165465041	-	12.3	5.95e-05	0.532	GTAAACA
2-GYAAAYA	STREME-2	chr4	168569095	168569101	-	12.3	5.95e-05	0.532	GTAAACA
2-GYAAAYA	STREME-2	chr3	169949278	169949284	-	12.3	5.95e-05	0.532	GTAAACA
2-GYAAAYA	STREME-2	chr4	173026080	173026086	+	12.3	5.95e-05	0.532	GTAAACA
2-GYAAAYA	STREME-2	chr2	173210831	173210837	-	12.3	5.95e-05	0.532	GTAAACA
2-GYAAAYA	STREME-2	chr2	173985011	173985017	-	12.3	5.95e-05	0.532	GTAAACA
2-GYAAAYA	STREME-2	chr1	181142488	181142494	-	12.3	5.95e-05	0.532	GTAAACA
2-GYAAAYA	STREME-2	chr4	185039593	185039599	-	12.3	5.95e-05	0.532	GTAAACA
2-GYAAAYA	STREME-2	chr3	185318001	185318007	+	12.3	5.95e-05	0.532	GTAAACA
2-GYAAAYA	STREME-2	chr3	185337416	185337422	+	12.3	5.95e-05	0.532	GTAAACA
2-GYAAAYA	STREME-2	chr3	186098055	186098061	-	12.3	5.95e-05	0.532	GTAAACA
2-GYAAAYA	STREME-2	chr3	187679683	187679689	-	12.3	5.95e-05	0.532	GTAAACA
2-GYAAAYA	STREME-2	chr3	192467390	192467396	-	12.3	5.95e-05	0.532	GTAAACA
2-GYAAAYA	STREME-2	chr3	193844201	193844207	-	12.3	5.95e-05	0.532	GTAAACA
2-GYAAAYA	STREME-2	chr1	198288730	198288736	-	12.3	5.95e-05	0.532	GTAAACA
2-GYAAAYA	STREME-2	chr1	200640847	200640853	+	12.3	5.95e-05	0.532	GTAAACA
2-GYAAAYA	STREME-2	chr1	200640973	200640979	-	12.3	5.95e-05	0.532	GTAAACA
2-GYAAAYA	STREME-2	chr2	209328622	209328628	-	12.3	5.95e-05	0.532	GTAAACA
2-GYAAAYA	STREME-2	chr2	209383239	209383245	+	12.3	5.95e-05	0.532	GTAAACA
2-GYAAAYA	STREME-2	chr1	212488549	212488555	-	12.3	5.95e-05	0.532	GTAAACA
2-GYAAAYA	STREME-2	chr1	220767612	220767618	-	12.3	5.95e-05	0.532	GTAAACA
2-GYAAAYA	STREME-2	chr1	223721034	223721040	-	12.3	5.95e-05	0.532	GTAAACA
2-GYAAAYA	STREME-2	chr1	223721130	223721136	-	12.3	5.95e-05	0.532	GTAAACA
2-GYAAAYA	STREME-2	chr2	225002202	225002208	-	12.3	5.95e-05	0.532	GTAAACA
2-GYAAAYA	STREME-2	chr1	230281759	230281765	-	12.3	5.95e-05	0.532	GTAAACA
2-GYAAAYA	STREME-2	chr2	230738641	230738647	-	12.3	5.95e-05	0.532	GTAAACA
2-GYAAAYA	STREME-2	chr1	233243438	233243444	-	12.3	5.95e-05	0.532	GTAAACA
2-GYAAAYA	STREME-2	chr1	235061403	235061409	-	12.3	5.95e-05	0.532	GTAAACA
2-GYAAAYA	STREME-2	chr2	238256496	238256502	-	12.3	5.95e-05	0.532	GTAAACA
2-GYAAAYA	STREME-2	chr2	240237375	240237381	+	12.3	5.95e-05	0.532	gtaaaca

# FIMO (Find Individual Motif Occurrences): Version 5.4.1 compiled on Jan 24 2022 at 13:05:16
# The format of this file is described at https://meme-suite.org/meme/doc/fimo-output-format.html.
# fimo --parse-genomic-coord --verbosity 1 --oc ps_enhancers/fimo_out_4 --bgfile ps_enhancers/background --motif 2-GYAAAYA ps_enhancers/streme_out/streme.xml ps_enhancers/pancreas_species_enhancers_uniq.fa
