Query_ID	Target_ID	Optimal_offset	p-value	E-value	q-value	Overlap	Query_consensus	Target_consensus	Orientation
1-CCASYAGRKGGCRSYV	MA1930.1	19	2.84009e-20	5.55522e-17	8.40198e-17	16	CCACCAGAGGGCACTA	CTGCAGTTCCCCCTTCTGGCCACTAGGGGGCGCTA	+
1-CCASYAGRKGGCRSYV	MA0139.1	3	4.3015e-20	8.41374e-17	8.40198e-17	16	CCACCAGAGGGCACTA	TGGCCACCAGGGGGCGCTA	+
1-CCASYAGRKGGCRSYV	MA1929.1	18	2.04321e-19	3.99653e-16	2.66063e-16	16	CCACCAGAGGGCACTA	CTGCAGTTCCAGCTGTGGCCACCAGGGGGCGCTA	+
1-CCASYAGRKGGCRSYV	MA0531.1	0	2.86588e-08	5.60567e-05	2.79892e-05	15	CCACCAGAGGGCACTA	CCGCTAGATGGCGCC	+
1-CCASYAGRKGGCRSYV	MA1102.2	-2	1.05195e-06	0.00205761	0.000821895	12	CCACCAGAGGGCACTA	AGCAGGGGGCGC	+
1-CCASYAGRKGGCRSYV	MA1638.1	-2	3.8253e-05	0.0748229	0.0249061	10	CCACCAGAGGGCACTA	ACCAGATGGC	+
1-CCASYAGRKGGCRSYV	MA1568.1	-1	5.36495e-05	0.104938	0.0299405	12	CCACCAGAGGGCACTA	CACCATATGGCG	+
1-CCASYAGRKGGCRSYV	MA1467.2	-2	9.78832e-05	0.191459	0.047798	11	CCACCAGAGGGCACTA	GACAGATGGCA	+
1-CCASYAGRKGGCRSYV	MA1109.1	-1	0.000262802	0.514041	0.114072	13	CCACCAGAGGGCACTA	GGACAGATGGCAG	+
1-CCASYAGRKGGCRSYV	MA0123.1	-6	0.000352046	0.688603	0.137528	10	CCACCAGAGGGCACTA	GGGGGCACCG	-
2-GYAAAYA	MA0546.1	3	1.41751e-07	0.000277265	0.000549624	7	GTAAACA	AAAGTAAACA	+
2-GYAAAYA	MA0446.1	4	1.03308e-05	0.020207	0.0131718	7	GTAAACA	TTAAGCAAACA	-
2-GYAAAYA	MA0042.2	0	1.17155e-05	0.0229155	0.0131718	7	GTAAACA	GTAAACA	+
2-GYAAAYA	MA0297.1	0	2.03826e-05	0.0398684	0.0131718	7	GTAAACA	GTAAACA	+
2-GYAAAYA	MA0848.1	0	2.61672e-05	0.0511831	0.0131718	7	GTAAACA	GTAAACA	+
2-GYAAAYA	MA0849.1	0	2.61672e-05	0.0511831	0.0131718	7	GTAAACA	GTAAACA	+
2-GYAAAYA	MA0047.3	2	3.23204e-05	0.0632186	0.0131718	7	GTAAACA	ATGTAAACATA	+
2-GYAAAYA	MA0850.1	0	3.24069e-05	0.0633879	0.0131718	7	GTAAACA	GTAAACA	+
2-GYAAAYA	MA0929.1	3	3.87843e-05	0.0758621	0.0131718	7	GTAAACA	ATTGTAAACAAA	+
2-GYAAAYA	MA0033.2	0	3.91398e-05	0.0765575	0.0131718	7	GTAAACA	GTAAACA	+
2-GYAAAYA	MA0031.1	0	4.07648e-05	0.079736	0.0131718	7	GTAAACA	GTAAACAT	+
2-GYAAAYA	MA1489.1	0	4.07648e-05	0.079736	0.0131718	7	GTAAACA	GTAAACAA	+
2-GYAAAYA	MA0846.1	3	5.29415e-05	0.103554	0.0151415	7	GTAAACA	TAAGTAAACAAA	+
2-GYAAAYA	MA0481.3	2	5.85762e-05	0.114575	0.0151415	7	GTAAACA	ATGTAAACATA	+
2-GYAAAYA	MA1683.1	2	5.85762e-05	0.114575	0.0151415	7	GTAAACA	ATGTAAACATA	+
2-GYAAAYA	MA0148.4	2	7.0291e-05	0.137489	0.0170341	7	GTAAACA	ATGTAAACATGT	+
2-GYAAAYA	MA1103.2	2	7.65848e-05	0.1498	0.0174676	7	GTAAACA	ATGTAAACAAG	+
2-GYAAAYA	MA0157.3	2	0.000122289	0.239198	0.0220555	7	GTAAACA	ATGTAAACAAAA	+
2-GYAAAYA	MA1446.1	2	0.000122289	0.239198	0.0220555	7	GTAAACA	ATGTAAACACAA	+
2-GYAAAYA	MA1607.1	5	0.000122533	0.239674	0.0220555	7	GTAAACA	AATATGTAAACAAA	+
2-GYAAAYA	MA1859.1	7	0.000123526	0.241616	0.0220555	7	GTAAACA	TCCTTAAGTAAACAAAGAAA	+
2-GYAAAYA	MA0613.1	0	0.000126214	0.246874	0.0220555	7	GTAAACA	GTAAACAA	+
2-GYAAAYA	MA0480.2	2	0.000130829	0.255902	0.0220555	7	GTAAACA	ATGTAAACAGA	+
2-GYAAAYA	MA0032.2	3	0.000162024	0.316919	0.0243156	7	GTAAACA	TATGTAAATAT	+
2-GYAAAYA	MA0593.1	2	0.000162024	0.316919	0.0243156	7	GTAAACA	AAGTAAACAAA	+
2-GYAAAYA	MA0852.2	3	0.000163049	0.318924	0.0243156	7	GTAAACA	AATGTAAACAAGGC	+
2-GYAAAYA	MA0920.1	0	0.000190946	0.37349	0.0270979	7	GTAAACA	GTAAACAA	+
2-GYAAAYA	MA1606.1	2	0.000195684	0.382758	0.0270979	7	GTAAACA	ATGTAAACAAA	+
2-GYAAAYA	MA0030.1	5	0.000209319	0.409428	0.0271642	7	GTAAACA	CAAACGTAAACAAT	+
2-GYAAAYA	MA0296.1	6	0.000214423	0.41941	0.0271642	7	GTAAACA	TGAATTGTAAACAAAGAGGA	+
2-GYAAAYA	MA0614.1	0	0.000217272	0.424983	0.0271642	7	GTAAACA	GTAAACAA	+
2-GYAAAYA	MA0851.1	5	0.000224186	0.438508	0.0271642	7	GTAAACA	AAAAAGTAAACAAACCC	+
2-GYAAAYA	MA0458.1	3	0.000232357	0.45449	0.0273011	7	GTAAACA	AATGTAAACAA	-
2-GYAAAYA	MA1867.1	6	0.000285319	0.558084	0.032538	7	GTAAACA	TGTTATGTAAACAAAAAAAA	-
2-GYAAAYA	MA0845.1	3	0.000362967	0.709963	0.0402103	7	GTAAACA	TATGTAAATAT	+
2-GYAAAYA	MA1950.1	0	0.000435497	0.851833	0.0469053	7	GTAAACA	GTAAACAGGAAGTG	+
2-GYAAAYA	MA1942.1	1	0.000489921	0.958286	0.0513409	7	GTAAACA	CGTAAACAGGAAGTG	+
2-GYAAAYA	MA1956.1	0	0.000504759	0.987309	0.0515039	7	GTAAACA	GTAAACAGGAAGTG	+
3-CCCAGCCC	MA0742.2	0	8.59411e-05	0.168101	0.0864473	8	CCCAGCCC	CCCCGCCCC	-
3-CCCAGCCC	MA1511.2	0	8.59411e-05	0.168101	0.0864473	8	CCCAGCCC	CCCCGCCCC	-
3-CCCAGCCC	MA1959.1	0	9.35837e-05	0.18305	0.0864473	8	CCCAGCCC	CCCCGCCCC	-
3-CCCAGCCC	MA0516.3	0	0.000104887	0.205159	0.0864473	8	CCCAGCCC	CCCCGCCCC	-
3-CCCAGCCC	MA0740.2	0	0.000118426	0.231641	0.0864473	8	CCCAGCCC	CCCCGCCCC	-
3-CCCAGCCC	MA1513.1	1	0.000160062	0.313081	0.0864473	8	CCCAGCCC	GCCCCGCCCCC	+
3-CCCAGCCC	MA0079.5	0	0.000181653	0.355312	0.0864473	8	CCCAGCCC	CCCCGCCCC	-
3-CCCAGCCC	MA0493.2	0	0.000181653	0.355312	0.0864473	8	CCCAGCCC	CCCCGCCCC	-
3-CCCAGCCC	MA0685.2	0	0.000199365	0.389959	0.0864473	8	CCCAGCCC	CCCCGCCCC	-
4-CCAAGGTCA	MA0643.1	0	4.19512e-05	0.0820566	0.0439274	9	CCAAGGTCA	TCAAGGTCAT	+
4-CCAAGGTCA	MA0141.3	0	5.69762e-05	0.111445	0.0439274	9	CCAAGGTCA	TCAAGGTCATA	+
4-CCAAGGTCA	MA0592.3	2	5.73818e-05	0.112239	0.0439274	9	CCAAGGTCA	GCTCAAGGTCACA	+
4-CCAAGGTCA	MA1111.1	0	8.33043e-05	0.162943	0.0439274	9	CCAAGGTCA	CAAAGGTCAAA	+
4-CCAAGGTCA	MA0512.2	5	9.78888e-05	0.19147	0.0439274	9	CCAAGGTCA	GGGGTCAAAGGTCA	+
4-CCAAGGTCA	MA0855.1	5	9.78888e-05	0.19147	0.0439274	9	CCAAGGTCA	GGGGTCAAAGGTCA	+
4-CCAAGGTCA	MA0856.1	5	9.78888e-05	0.19147	0.0439274	9	CCAAGGTCA	GGGGTCAAAGGTCA	+
4-CCAAGGTCA	MA0677.1	5	0.000105018	0.205416	0.0439274	9	CCAAGGTCA	GAGGTCAAAGGTCA	+
4-CCAAGGTCA	MA0505.2	3	0.000113011	0.221049	0.0439274	9	CCAAGGTCA	AGTTCAAGGTCAG	-
4-CCAAGGTCA	MA1537.1	5	0.0001142	0.223375	0.0439274	9	CCAAGGTCA	GAGGTCAAAGGTCAC	+
4-CCAAGGTCA	MA1550.1	6	0.000139978	0.273797	0.0439274	9	CCAAGGTCA	AGGGGTCAAAGGTCAA	+
4-CCAAGGTCA	MA1494.1	5	0.000143836	0.281344	0.0439274	9	CCAAGGTCA	GGGTCCAAAGGTCAC	+
4-CCAAGGTCA	MA0115.1	6	0.000146822	0.287184	0.0439274	9	CCAAGGTCA	AAAGGTCAAAGGTCAAC	+
4-CCAAGGTCA	MA1540.2	6	0.00016985	0.332227	0.0460699	9	CCAAGGTCA	ATGAGTTCAAGGTCAGC	+
4-CCAAGGTCA	MA1996.1	0	0.000177673	0.347528	0.0460699	9	CCAAGGTCA	CAAAGGTCACA	+
4-CCAAGGTCA	MA0071.1	1	0.000208384	0.407599	0.0506562	9	CCAAGGTCA	ATCAAGGTCA	+
4-CCAAGGTCA	MA1451.1	-1	0.000248811	0.486674	0.0569256	8	CCAAGGTCA	AAAGGTCA	+
4-CCAAGGTCA	MA0017.2	0	0.000309162	0.60472	0.0650513	9	CCAAGGTCA	CAAAGGTCAAGGG	+
4-CCAAGGTCA	MA1574.1	5	0.000317777	0.621571	0.0650513	9	CCAAGGTCA	GGGGTCAAAGGTCAT	+
4-CCAAGGTCA	MA1148.1	8	0.000352238	0.688977	0.0685005	9	CCAAGGTCA	ATGTAGGTCAAAGGTCAT	+
4-CCAAGGTCA	MA0065.2	6	0.000427396	0.835986	0.0791588	9	CCAAGGTCA	GTAGGGCAAAGGTCA	+
5-AAAAARAAAAMA	MA1823.1	0	3.50801e-07	0.000686167	0.000676329	12	AAAAAGAAAACA	AAAAAGAAAAAA	+
5-AAAAARAAAAMA	MA0277.1	0	3.53861e-07	0.000692153	0.000676329	9	AAAAAGAAAACA	AAAAAGAAA	+
5-AAAAARAAAAMA	MA1281.1	1	2.46029e-05	0.0481233	0.0195348	12	AAAAAGAAAACA	AAAAAAGTAAAAAAAAAAAAA	+
5-AAAAARAAAAMA	MA1274.1	3	2.46029e-05	0.0481233	0.0195348	12	AAAAAGAAAACA	AAAAAAAAAAAAAAAAGTAAA	-
5-AAAAARAAAAMA	MA1872.1	0	2.5552e-05	0.0499797	0.0195348	12	AAAAAGAAAACA	AAAACAAAAACATGTTTATA	-
5-AAAAARAAAAMA	MA1871.1	0	3.14339e-05	0.0614846	0.0200263	12	AAAAAGAAAACA	AAAAAAAAAACAAAAAAAAA	+
5-AAAAARAAAAMA	MA1268.1	1	5.9408e-05	0.116202	0.0261685	12	AAAAAGAAAACA	AAAAAAAAAAAAAAGAAAAAGTGAAAA	-
5-AAAAARAAAAMA	MA1267.1	0	6.24281e-05	0.122109	0.0261685	12	AAAAAGAAAACA	AAAAAAAAAAAAGTAAAAAAAAAAAAAAA	-
5-AAAAARAAAAMA	MA1159.1	2	6.63793e-05	0.129838	0.0261685	12	AAAAAGAAAACA	AAAAAAAGACAAAAA	+
5-AAAAARAAAAMA	MA1866.1	0	7.21747e-05	0.141174	0.0261685	12	AAAAAGAAAACA	AAAAAAAAAACAAACAAAAA	+
5-AAAAARAAAAMA	MA1279.1	2	7.53037e-05	0.147294	0.0261685	12	AAAAAGAAAACA	AAAAAAAAGAAAAAGTGAAAA	+
5-AAAAARAAAAMA	MA1278.1	9	9.58458e-05	0.187474	0.0305314	12	AAAAAGAAAACA	AAAAAGTAAAAAAAAAAAAAA	-
5-AAAAARAAAAMA	MA1277.1	0	0.000128261	0.250879	0.0377144	12	AAAAAGAAAACA	AAAAAGAAAAAGTAAAAAAAA	+
5-AAAAARAAAAMA	MA1916.1	-1	0.000191195	0.373977	0.0522038	11	AAAAAGAAAACA	AAAAAAAAACAATAGAATTT	-
5-AAAAARAAAAMA	MA0851.1	0	0.000235007	0.459673	0.0528752	12	AAAAAGAAAACA	AAAAAGTAAACAAACCC	+
5-AAAAARAAAAMA	MA1125.1	0	0.000242619	0.474563	0.0528752	12	AAAAAGAAAACA	TTTAAAAAAAAA	+
5-AAAAARAAAAMA	MA1205.1	7	0.000248983	0.487011	0.0528752	12	AAAAAGAAAACA	TTTCCAAAAAAGGAAAAAA	+
5-AAAAARAAAAMA	MA1270.1	2	0.000248983	0.487011	0.0528752	12	AAAAAGAAAACA	AAAAAAAGCAAAAAGTAAA	-
5-AAAAARAAAAMA	MA1371.1	3	0.000293019	0.573146	0.0589518	12	AAAAAGAAAACA	CACAAAACGACAAAAAA	+
5-AAAAARAAAAMA	MA1280.1	1	0.000364783	0.713516	0.0697204	12	AAAAAGAAAACA	CAAAAAGTTAAAAA	+
5-AAAAARAAAAMA	MA1373.1	3	0.000404069	0.79036	0.0735515	12	AAAAAGAAAACA	CACAAAACGACAAAA	+
5-AAAAARAAAAMA	MA1317.1	1	0.000427675	0.836532	0.0743098	12	AAAAAGAAAACA	AAAAAAGTCAAAG	-
6-TAATRATTAAC	MA0046.2	3	4.30086e-07	0.000841249	0.00160641	11	TAATGATTAAC	AGTTAATGATTAACT	+
6-TAATRATTAAC	MA0153.2	2	2.92168e-06	0.00571481	0.00526131	11	TAATGATTAAC	GTTAATGATTAAC	+
6-TAATRATTAAC	MA1198.1	0	0.000111128	0.217367	0.0830145	11	TAATGATTAAC	TAATGATTAAT	-
6-TAATRATTAAC	MA1211.1	1	0.000172975	0.338338	0.103266	10	TAATGATTAAC	CCAATGATTGA	-
6-TAATRATTAAC	MA0951.1	0	0.000193532	0.378549	0.103266	8	TAATGATTAAC	TAATAATT	+
6-TAATRATTAAC	MA1212.1	1	0.000289569	0.566396	0.135195	10	TAATGATTAAC	TCAATAATTAA	+
6-TAATRATTAAC	MA1209.1	1	0.000407005	0.796101	0.16235	10	TAATGATTAAC	TCAATAATTGA	+

# Tomtom (Motif Comparison Tool): Version 5.4.1 compiled on Jan 24 2022 at 13:05:33
# The format of this file is described at https://meme-suite.org/meme/doc/tomtom-output-format.html.
# tomtom -verbosity 1 -oc ps_enhancers/streme_tomtom_out -min-overlap 5 -dist pearson -evalue -thresh 1 -no-ssc ps_enhancers/streme_out/streme.xml /ocean/projects/bio230007p/jqu1/motif_database/JASPAR2022_CORE_non-redundant_pfms_meme.txt
